,Building Name,Address,City
0,ORANGETOWN (T) SD#2 STP,127 STATE ROUTE 303,"ORANGETOWN, TOWN OF"
1,ORANGETOWN (T) SD#2 STP,127 STATE ROUTE 303,"ORANGETOWN, TOWN OF"
2,ORANGETOWN (T) SD#2 STP,127 STATE ROUTE 303,"ORANGETOWN, TOWN OF"
3,ORANGETOWN (T) SD#2 STP,127 STATE ROUTE 303,"ORANGETOWN, TOWN OF"
4,ORANGETOWN (T) SD#2 STP,127 STATE ROUTE 303,"ORANGETOWN, TOWN OF"
5,ORANGETOWN (T) SD#2 STP,127 STATE ROUTE 303,"ORANGETOWN, TOWN OF"
6,ORANGETOWN (T) SD#2 STP,127 STATE ROUTE 303,"ORANGETOWN, TOWN OF"
7,ORANGETOWN (T) SD#2 STP,127 STATE ROUTE 303,"ORANGETOWN, TOWN OF"
8,ORANGETOWN (T) SD#2 STP,127 STATE ROUTE 303,"ORANGETOWN, TOWN OF"
9,ORANGETOWN (T) SD#2 STP,127 STATE ROUTE 303,"ORANGETOWN, TOWN OF"
10,ORANGETOWN (T) SD#2 STP,127 STATE ROUTE 303,"ORANGETOWN, TOWN OF"
11,ORANGETOWN (T) SD#2 STP,127 STATE ROUTE 303,"ORANGETOWN, TOWN OF"
12,ORANGETOWN (T) SD#2 STP,127 STATE ROUTE 303,"ORANGETOWN, TOWN OF"
13,ORANGETOWN (T) SD#2 STP,127 STATE ROUTE 303,"ORANGETOWN, TOWN OF"
14,ORANGETOWN (T) SD#2 STP,127 STATE ROUTE 303,"ORANGETOWN, TOWN OF"
15,ORANGETOWN (T) SD#2 STP,127 STATE ROUTE 303,"ORANGETOWN, TOWN OF"
16,ROCKLAND CO SD#1 STP,4 ROUTE 340,ORANGEBURG
17,ROCKLAND CO SD#1 STP,4 ROUTE 340,ORANGEBURG
18,ROCKLAND CO SD#1 STP,4 ROUTE 340,ORANGEBURG
19,ROCKLAND CO SD#1 STP,4 ROUTE 340,ORANGEBURG
20,ROCKLAND CO SD#1 STP,4 ROUTE 340,ORANGEBURG
21,ROCKLAND CO SD#1 STP,4 ROUTE 340,ORANGEBURG
22,ROCKLAND CO SD#1 STP,4 ROUTE 340,ORANGEBURG
23,ROCKLAND CO SD#1 STP,4 ROUTE 340,ORANGEBURG
24,ROCKLAND CO SD#1 STP,4 ROUTE 340,ORANGEBURG
25,ROCKLAND CO SD#1 STP,4 ROUTE 340,ORANGEBURG
26,ROCKLAND CO SD#1 STP,4 ROUTE 340,ORANGEBURG
27,ROCKLAND CO SD#1 STP,4 ROUTE 340,ORANGEBURG
28,ROCKLAND CO SD#1 STP,4 ROUTE 340,ORANGEBURG
29,ROCKLAND CO SD#1 STP,4 ROUTE 340,ORANGEBURG
30,ROCKLAND CO SD#1 STP,4 ROUTE 340,ORANGEBURG
31,ROCKLAND CO SD#1 STP,4 ROUTE 340,ORANGEBURG
32,ROCKLAND CO SD#1 STP,4 ROUTE 340,ORANGEBURG
33,ROCKLAND CO SD#1 STP,4 ROUTE 340,ORANGEBURG
34,ROCKLAND CO SD#1 STP,4 ROUTE 340,ORANGEBURG
35,ROCKLAND CO SD#1 STP,4 ROUTE 340,ORANGEBURG
36,ROCKLAND CO SD#1 STP,4 ROUTE 340,ORANGEBURG
37,ROCKLAND CO SD#1 STP,4 ROUTE 340,ORANGEBURG
38,ROCKLAND CO SD#1 STP,4 ROUTE 340,ORANGEBURG
39,ROCKLAND CO SD#1 STP,4 ROUTE 340,ORANGEBURG
40,ROCKLAND CO SD#1 STP,4 ROUTE 340,ORANGEBURG
41,ROCKLAND CO SD#1 STP,4 ROUTE 340,ORANGEBURG
42,ROCKLAND CO SD#1 STP,4 ROUTE 340,ORANGEBURG
43,ROCKLAND CO SD#1 STP,4 ROUTE 340,ORANGEBURG
44,ROCKLAND CO SD#1 STP,4 ROUTE 340,ORANGEBURG
45,ROCKLAND CO SD#1 STP,4 ROUTE 340,ORANGEBURG
46,ROCKLAND CO SD#1 STP,4 ROUTE 340,ORANGEBURG
47,ROCKLAND CO SD#1 STP,4 ROUTE 340,ORANGEBURG
48,ROCKLAND CO SD#1 STP,4 ROUTE 340,ORANGEBURG
49,ROCKLAND CO SD#1 STP,4 ROUTE 340,ORANGEBURG
50,ROCKLAND CO SD#1 STP,4 ROUTE 340,ORANGEBURG
51,ROCKLAND CO SD#1 STP,4 ROUTE 340,ORANGEBURG
52,ROCKLAND CO SD#1 STP,4 ROUTE 340,ORANGEBURG
53,ROCKLAND CO SD#1 STP,4 ROUTE 340,ORANGEBURG
54,ROCKLAND CO SD#1 STP,4 ROUTE 340,ORANGEBURG
55,ROCKLAND CO SD#1 STP,4 ROUTE 340,ORANGEBURG
56,ROCKLAND CO SD#1 STP,4 ROUTE 340,ORANGEBURG
57,ROCKLAND CO SD#1 STP,4 ROUTE 340,ORANGEBURG
58,ROCKLAND CO SD#1 STP,4 ROUTE 340,ORANGEBURG
59,ROCKLAND CO SD#1 STP,4 ROUTE 340,ORANGEBURG
60,ROCKLAND CO SD#1 STP,4 ROUTE 340,ORANGEBURG
61,ROCKLAND CO SD#1 STP,4 ROUTE 340,ORANGEBURG
62,ROCKLAND CO SD#1 STP,4 ROUTE 340,ORANGEBURG
63,ROCKLAND CO SD#1 STP,4 ROUTE 340,ORANGEBURG
64,ROCKLAND CO SD#1 STP,4 ROUTE 340,ORANGEBURG
65,ROCKLAND CO SD#1 STP,4 ROUTE 340,ORANGEBURG
66,ROCKLAND CO SD#1 STP,4 ROUTE 340,ORANGEBURG
67,ROCKLAND CO SD#1 STP,4 ROUTE 340,ORANGEBURG
68,ROCKLAND CO SD#1 STP,4 ROUTE 340,ORANGEBURG
69,ROCKLAND CO SD#1 STP,4 ROUTE 340,ORANGEBURG
70,ROCKLAND CO SD#1 STP,4 ROUTE 340,ORANGEBURG
71,ROCKLAND CO SD#1 STP,4 ROUTE 340,ORANGEBURG
72,ROCKLAND CO SD#1 STP,4 ROUTE 340,ORANGEBURG
73,ROCKLAND CO SD#1 STP,4 ROUTE 340,ORANGEBURG
74,ROCKLAND CO SD#1 STP,4 ROUTE 340,ORANGEBURG
75,ROCKLAND CO SD#1 STP,4 ROUTE 340,ORANGEBURG
76,ROCKLAND CO SD#1 STP,4 ROUTE 340,ORANGEBURG
77,ROCKLAND CO SD#1 STP,4 ROUTE 340,ORANGEBURG
78,ROCKLAND CO SD#1 STP,4 ROUTE 340,ORANGEBURG
79,ROCKLAND CO SD#1 STP,4 ROUTE 340,ORANGEBURG
80,ROCKLAND CO SD#1 STP,4 ROUTE 340,ORANGEBURG
81,ROCKLAND CO SD#1 STP,4 ROUTE 340,ORANGEBURG
82,ROCKLAND CO SD#1 STP,4 ROUTE 340,ORANGEBURG
83,ROCKLAND CO SD#1 STP,4 ROUTE 340,ORANGEBURG
84,ROCKLAND CO SD#1 STP,4 ROUTE 340,ORANGEBURG
85,ROCKLAND CO SD#1 STP,4 ROUTE 340,ORANGEBURG
86,ROCKLAND CO SD#1 STP,4 ROUTE 340,ORANGEBURG
87,ROCKLAND CO SD#1 STP,4 ROUTE 340,ORANGEBURG
88,ROCKLAND CO SD#1 STP,4 ROUTE 340,ORANGEBURG
89,ROCKLAND CO SD#1 STP,4 ROUTE 340,ORANGEBURG
90,ROCKLAND CO SD#1 STP,4 ROUTE 340,ORANGEBURG
91,ROCKLAND CO SD#1 STP,4 ROUTE 340,ORANGEBURG
92,ROCKLAND CO SD#1 STP,4 ROUTE 340,ORANGEBURG
93,ROCKLAND CO SD#1 STP,4 ROUTE 340,ORANGEBURG
94,ROCKLAND CO SD#1 STP,4 ROUTE 340,ORANGEBURG
95,ROCKLAND CO SD#1 STP,4 ROUTE 340,ORANGEBURG
96,ROCKLAND CO SD#1 STP,4 ROUTE 340,ORANGEBURG
97,ROCKLAND CO SD#1 STP,4 ROUTE 340,ORANGEBURG
98,ROCKLAND CO SD#1 STP,4 ROUTE 340,ORANGEBURG
99,ROCKLAND CO SD#1 STP,4 ROUTE 340,ORANGEBURG
100,ROCKLAND CO SD#1 STP,4 ROUTE 340,ORANGEBURG
101,ROCKLAND CO SD#1 STP,4 ROUTE 340,ORANGEBURG
102,ROCKLAND CO SD#1 STP,4 ROUTE 340,ORANGEBURG
103,ROCKLAND CO SD#1 STP,4 ROUTE 340,ORANGEBURG
104,ROCKLAND CO SD#1 STP,4 ROUTE 340,ORANGEBURG
105,ROCKLAND CO SD#1 STP,4 ROUTE 340,ORANGEBURG
106,ROCKLAND CO SD#1 STP,4 ROUTE 340,ORANGEBURG
107,ROCKLAND CO SD#1 STP,4 ROUTE 340,ORANGEBURG
108,ROCKLAND CO SD#1 STP,4 ROUTE 340,ORANGEBURG
109,ROCKLAND CO SD#1 STP,4 ROUTE 340,ORANGEBURG
110,ROCKLAND CO SD#1 STP,4 ROUTE 340,ORANGEBURG
111,ROCKLAND CO SD#1 STP,4 ROUTE 340,ORANGEBURG
112,ROCKLAND CO SD#1 STP,4 ROUTE 340,ORANGEBURG
113,ROCKLAND CO SD#1 STP,4 ROUTE 340,ORANGEBURG
114,ROCKLAND CO SD#1 STP,4 ROUTE 340,ORANGEBURG
115,ROCKLAND CO SD#1 STP,4 ROUTE 340,ORANGEBURG
116,ROCKLAND CO SD#1 STP,4 ROUTE 340,ORANGEBURG
117,ROCKLAND CO SD#1 STP,4 ROUTE 340,ORANGEBURG
118,ROCKLAND CO SD#1 STP,4 ROUTE 340,ORANGEBURG
119,ROCKLAND CO SD#1 STP,4 ROUTE 340,ORANGEBURG
120,ROCKLAND CO SD#1 STP,4 ROUTE 340,ORANGEBURG
121,ROCKLAND CO SD#1 STP,4 ROUTE 340,ORANGEBURG
122,ROCKLAND CO SD#1 STP,4 ROUTE 340,ORANGEBURG
123,ROCKLAND CO SD#1 STP,4 ROUTE 340,ORANGEBURG
124,ROCKLAND CO SD#1 STP,4 ROUTE 340,ORANGEBURG
125,ROCKLAND CO SD#1 STP,4 ROUTE 340,ORANGEBURG
126,ROCKLAND CO SD#1 STP,4 ROUTE 340,ORANGEBURG
127,ROCKLAND CO SD#1 STP,4 ROUTE 340,ORANGEBURG
128,ROCKLAND CO SD#1 STP,4 ROUTE 340,ORANGEBURG
129,ROCKLAND CO SD#1 STP,4 ROUTE 340,ORANGEBURG
130,ROCKLAND CO SD#1 STP,4 ROUTE 340,ORANGEBURG
131,ROCKLAND CO SD#1 STP,4 ROUTE 340,ORANGEBURG
132,ROCKLAND CO SD#1 STP,4 ROUTE 340,ORANGEBURG
133,ROCKLAND CO SD#1 STP,4 ROUTE 340,ORANGEBURG
134,ROCKLAND CO SD#1 STP,4 ROUTE 340,ORANGEBURG
135,ROCKLAND CO SD#1 STP,4 ROUTE 340,ORANGEBURG
136,ROCKLAND CO SD#1 STP,4 ROUTE 340,ORANGEBURG
137,ROCKLAND CO SD#1 STP,4 ROUTE 340,ORANGEBURG
138,ROCKLAND CO SD#1 STP,4 ROUTE 340,ORANGEBURG
139,ROCKLAND CO SD#1 STP,4 ROUTE 340,ORANGEBURG
140,ROCKLAND CO SD#1 STP,4 ROUTE 340,ORANGEBURG
141,ROCKLAND CO SD#1 STP,4 ROUTE 340,ORANGEBURG
142,ROCKLAND CO SD#1 STP,4 ROUTE 340,ORANGEBURG
143,ROCKLAND CO SD#1 STP,4 ROUTE 340,ORANGEBURG
144,ROCKLAND CO SD#1 STP,4 ROUTE 340,ORANGEBURG
145,ROCKLAND CO SD#1 STP,4 ROUTE 340,ORANGEBURG
146,ROCKLAND CO SD#1 STP,4 ROUTE 340,ORANGEBURG
147,ROCKLAND CO SD#1 STP,4 ROUTE 340,ORANGEBURG
148,ROCKLAND CO SD#1 STP,4 ROUTE 340,ORANGEBURG
149,ROCKLAND CO SD#1 STP,4 ROUTE 340,ORANGEBURG
150,ROCKLAND CO SD#1 STP,4 ROUTE 340,ORANGEBURG
151,ROCKLAND CO SD#1 STP,4 ROUTE 340,ORANGEBURG
152,ROCKLAND CO SD#1 STP,4 ROUTE 340,ORANGEBURG
153,ROCKLAND CO SD#1 STP,4 ROUTE 340,ORANGEBURG
154,ROCKLAND CO SD#1 STP,4 ROUTE 340,ORANGEBURG
155,ROCKLAND CO SD#1 STP,4 ROUTE 340,ORANGEBURG
156,ROCKLAND CO SD#1 STP,4 ROUTE 340,ORANGEBURG
157,ROCKLAND CO SD#1 STP,4 ROUTE 340,ORANGEBURG
158,ROCKLAND CO SD#1 STP,4 ROUTE 340,ORANGEBURG
159,ROCKLAND CO SD#1 STP,4 ROUTE 340,ORANGEBURG
160,ROCKLAND CO SD#1 STP,4 ROUTE 340,ORANGEBURG
161,ROCKLAND CO SD#1 STP,4 ROUTE 340,ORANGEBURG
162,ROCKLAND CO SD#1 STP,4 ROUTE 340,ORANGEBURG
163,ROCKLAND CO SD#1 STP,4 ROUTE 340,ORANGEBURG
164,ROCKLAND CO SD#1 STP,4 ROUTE 340,ORANGEBURG
165,ROCKLAND CO SD#1 STP,4 ROUTE 340,ORANGEBURG
166,ROCKLAND CO SD#1 STP,4 ROUTE 340,ORANGEBURG
167,ROCKLAND CO SD#1 STP,4 ROUTE 340,ORANGEBURG
168,ROCKLAND CO SD#1 STP,4 ROUTE 340,ORANGEBURG
169,ROCKLAND CO SD#1 STP,4 ROUTE 340,ORANGEBURG
170,ROCKLAND CO SD#1 STP,4 ROUTE 340,ORANGEBURG
171,ROCKLAND CO SD#1 STP,4 ROUTE 340,ORANGEBURG
172,ROCKLAND CO SD#1 STP,4 ROUTE 340,ORANGEBURG
173,ROCKLAND CO SD#1 STP,4 ROUTE 340,ORANGEBURG
174,ROCKLAND CO SD#1 STP,4 ROUTE 340,ORANGEBURG
175,ROCKLAND CO SD#1 STP,4 ROUTE 340,ORANGEBURG
176,ROCKLAND CO SD#1 STP,4 ROUTE 340,ORANGEBURG
177,ROCKLAND CO SD#1 STP,4 ROUTE 340,ORANGEBURG
178,ROCKLAND CO SD#1 STP,4 ROUTE 340,ORANGEBURG
179,ROCKLAND CO SD#1 STP,4 ROUTE 340,ORANGEBURG
180,ROCKLAND CO SD#1 STP,4 ROUTE 340,ORANGEBURG
181,ROCKLAND CO SD#1 STP,4 ROUTE 340,ORANGEBURG
182,ROCKLAND CO SD#1 STP,4 ROUTE 340,ORANGEBURG
183,ROCKLAND CO SD#1 STP,4 ROUTE 340,ORANGEBURG
184,ROCKLAND CO SD#1 STP,4 ROUTE 340,ORANGEBURG
185,ROCKLAND CO SD#1 STP,4 ROUTE 340,ORANGEBURG
186,ROCKLAND CO SD#1 STP,4 ROUTE 340,ORANGEBURG
187,ROCKLAND CO SD#1 STP,4 ROUTE 340,ORANGEBURG
188,ROCKLAND CO SD#1 STP,4 ROUTE 340,ORANGEBURG
189,ROCKLAND CO SD#1 STP,4 ROUTE 340,ORANGEBURG
190,ROCKLAND CO SD#1 STP,4 ROUTE 340,ORANGEBURG
191,ROCKLAND CO SD#1 STP,4 ROUTE 340,ORANGEBURG
192,ROCKLAND CO SD#1 STP,4 ROUTE 340,ORANGEBURG
193,ROCKLAND CO SD#1 STP,4 ROUTE 340,ORANGEBURG
194,ROCKLAND CO SD#1 STP,4 ROUTE 340,ORANGEBURG
195,ROCKLAND CO SD#1 STP,4 ROUTE 340,ORANGEBURG
196,ROCKLAND CO SD#1 STP,4 ROUTE 340,ORANGEBURG
197,ROCKLAND CO SD#1 STP,4 ROUTE 340,ORANGEBURG
198,ROCKLAND CO SD#1 STP,4 ROUTE 340,ORANGEBURG
199,ROCKLAND CO SD#1 STP,4 ROUTE 340,ORANGEBURG
200,ROCKLAND CO SD#1 STP,4 ROUTE 340,ORANGEBURG
201,ROCKLAND CO SD#1 STP,4 ROUTE 340,ORANGEBURG
202,ROCKLAND CO SD#1 STP,4 ROUTE 340,ORANGEBURG
203,ROCKLAND CO SD#1 STP,4 ROUTE 340,ORANGEBURG
204,ROCKLAND CO SD#1 STP,4 ROUTE 340,ORANGEBURG
205,ROCKLAND CO SD#1 STP,4 ROUTE 340,ORANGEBURG
206,ROCKLAND CO SD#1 STP,4 ROUTE 340,ORANGEBURG
207,ROCKLAND CO SD#1 STP,4 ROUTE 340,ORANGEBURG
208,NEW WINDSOR (T) STP,"CEASAR'S LANE, PO BOX 4653",NEW WINDSOR
209,NEW WINDSOR (T) STP,"CEASAR'S LANE, PO BOX 4653",NEW WINDSOR
